{
    "modelparam":{
      "gru_depth": 1,
      "gru_units": 16,
      "no_time_series_param":4,
      "time_series_length": 14,
      "gru_activation": "gelu",
      "no_env_param": 26,
      "env_depth": 6,
      "env_units": 64,
      "env_activation": "tanh",
      "comb_depth": 3,
      "comb_units": 48,
      "comb_activation": "softmax",
      "kernel_initializer":"he_normal",
      "bias_initializer":"he_normal",
      "dropout":true,
      "batch_normalization":true,
      "gru_dropout_ratio": 0.15,
      "env_dropout_ratio": 0.15,
      "comb_dropout_ratio":0.05,
      "lr":1e-5,
      "decay_steps":1000,
      "decay_rate":0.95
    },
    "trainparam":{
      "nepoch":200,
      "ckpt":"checkpoints/",
      "batchsize":17,
      "valsplit":0.3
    }
    }